{
    "name": "WhitneyExpansion",
    "version": "0.3",
    "styleFileList": [],
    "scriptFileList": [
        "game/SecretBase.js"
    ],
    "tweeFileList": [
        "game/school.twee",
        "game/school_Widget.twee",
        "game/SecretBasePrepose.twee",
        "game/WhitneySecretBase.twee",
        "game/SecretBase_Widget.twee",
        "game/Whitney park.twee",
        "game/park_Widget.twee",
        "game/LeaveSchool.twee",
    ],
    "imgFileList": [
        "img/misc/icon/委屈.png",
        "img/misc/icon/天使.png",
        "img/misc/icon/饼干.png",
        "img/misc/icon/沉默.png",
        "img/misc/icon/聊天.png",
        "img/misc/icon/接近.png",
        "img/misc/icon/软垫.png",
        "img/misc/icon/箱子.png",
        "img/misc/icon/芝士汉堡.png",
        "img/misc/icon/酱油饭团.png",
        "img/misc/icon/甜甜圈.png",
        "img/misc/icon/热狗.png",
        "img/misc/icon/三明治.png",
        "img/misc/icon/SecretBase_interior.png",
        "img/misc/icon/SecretBase.png"
    ],
    "additionFile": [
        "game/school_balcony.txt",
        "game/Whitney park.txt",
        "game/school Whitney swimming.txt",
        "game/swimWhitneyEvent.txt",
        "game/WhitneySchoolLeaveEvent.txt",
    ],
    "addonPlugin": [
    {
      "modName": "ModLoader DoL ImageLoaderHook",
      "addonName": "ImageLoaderAddon",
      "modVersion": "^2.3.0",
      "params": []
    },
    {
      "modName": "TweeReplacer",
      "addonName": "TweeReplacerAddon",
      "modVersion": "^1.0.0",
      "params": [
        {
          "passage": "School Roof",
          "findString": "<<whitney_roof_events>>\n<<else>>",
          "replaceFile": "game/school_balcony.txt"
        },
        {
          "passage": "Widgets School Events",
          /*告状前置*/
          "findString": "<<addinlineevent \"hallways_rape\">>\n\t\t\t<<generates1>><<generates2>>",
          "replace": "<<addinlineevent \"hallways_rape\">>\n\t\t\t<<generates1>><<generates2>><<if $whitneyromance is 1>><<set $Pre_complaint to 1>><<saveNPC 0 \"WhitneySRnpc1\">><<saveNPC 1 \"WhitneySRnpc2\">><</if>>"
        },
        {
          "passage": "Widgets School Events",
          /*添加惩罚事件*/
          "findString": "<<elseif $bullyeventoutside is 0>>",
          "replace": "<<elseif $punish is 1>>\n<<Whitney_SchoolBullying1>>\n\t<<elseif $bullyeventoutside is 0>>"
        },
        {
          "passage": "Widgets Events Maths",
          "findString": "Maths Whitney Work]]>><<mathsskill 1>><</link>><<gmaths>>\n\t\t\t<br>\n\t\t<</addinlineevent>>",
          "replace": "Maths Whitney Work]]>><<mathsskill 1>><</link>><<gmaths>>\n\t\t\t<br>\n\t\t<</addinlineevent>>\n<<if C.npc.Whitney.dom gte 8 and $hairtype is \"bedhead\">>\n<<addinlineevent \"mathsWhitneyCard\">>\n<<Whitney_SchoolMaths>>\n<</addinlineevent>>\n<</if>>"
        },
        {
          "passage": "School Leave Whitney",
          /*秘密基地的前置剧情*/
          "findString": "<<if !$daily.whitney.shoppingCentre and !($weekly.whitneyShoppingCentre gte 2)>>",
          "replace": "<<if ($whitneyromance is 1 or $whitneyrescued) and $Whitney_SecretBase isnot 1>>\n<<addinlineevent \"WhitneySecretBase\">>\n<<WhitneySecretBase_prepose>>\n<</addinlineevent>>\n<</if>>\n\t<<if !$daily.whitney.shoppingCentre and !($weekly.whitneyShoppingCentre gte 2)>>"
        },
        {
          "passage": "Park",
          "findString": "<<set $daily.whitney.text += 1>><</if>><</link>>\n\t\t\t\t<br><br>\n\t\t\t<</if>>\n\t\t<</if>>",
          "replace": "<<set $daily.whitney.text += 1>><</if>><</link>>\n\t\t\t\t<br><br>\n\t\t\t<</if>>\n\t\t<</if>>\n<<if $Whitney_SecretBase is 1>>\n<<icon \"SecretBase.png\">><<link [[秘密基地|SecretBase Entrance]]>><<endevent>><</link>>\n<br><br>\n<</if>>"
        },
        {
          "passage": "Widgets Whitney",
          /*公园转化剧情*/
          "findString": "<<if $daily.whitney.chat is undefined>>",
          "replaceFile": "game/Whitney park.txt"
        },
        {
          "passage": "Whitney Park",
          "findString": "<<whitneyoptions>>",
          "replace": "<<if $Whitney_milkshake is 1>>\n\t<<if $milkshake gte 1>>\n\t<<Whitney_harass>>\n\t<<else>>\n\t<<Whitney_fight>>\n\t<</if>>\n<<else>>\n\t<<whitneyoptions>>\n<</if>>"
        },
        {
          "passage": "Widgets Whitney",
          /*公园调情剧情*/
          "findString": "Whitney Flirt]]>><<set $daily.whitney.flirt to 1>><<pass 15>><<npcincr Whitney love 1>><<npcincr Whitney lust 1>><<handheldon 1>><</link>><<promiscuous1>><<glove>><<glust>>",
          "replace": "Whitney Flirt]]>><<set $daily.whitney.flirt to 1>><<pass 15>><<npcincr Whitney love 1>><<npcincr Whitney lust 1>><<handheldon 1>><</link>><<promiscuous1>><<glove>><<glust>>\n\t\t\t\t<br>\n\t\t\t<<elseif $whitneyromance is 1 and $passage isnot \"Whitney Flirt\">>\n\t\t\t\t<<brothelicon>><<link [[调情 (0:15)|Whitney Flirt mod]]>><<pass 15>><<npcincr Whitney love 1>><<npcincr Whitney lust 1>><<handheldon 1>><</link>><<promiscuous1>><<glove>><<glust>>"
        },
        {
          "passage": "Swimming Lesson",
          "findString": "\t<<else>>\n\t\t<<if $swimall is 1 and $exposed gte 2>>",
          "replaceFile": "game/school Whitney swimming.txt"
        },
        {
          "passage": "Swimming Lesson",
          "findString": "Swimming Lesson Focus]]>><</link>><<gstress>><<gswimming>><<gtiredness>>\n\t<br>",
          "replace": "Swimming Lesson Focus]]>><</link>><<gstress>><<gswimming>><<gtiredness>>\n\t<br>\n<<if $WhitneyIsInSwimming is 1>>\n\t<<socialiseicon>><<link [[和惠特尼聊天|Swimming Lesson Socialise]]>><<status 1>><<trauma -3>><<stress -4>><<npcincr Whitney love 1>><</link>><<ltrauma>><<lstress>><<glove>><<gcool>><<gharass>>\n<<else>>"
        },
        {
          "passage": "Swimming Lesson",
      /*和上面那个是一起的，不能单独删！*/
          "findString": "Swimming Lesson Socialise]]>><</link>><<gcool>><<ltrauma>><<lstress>><<gharass>>",
          "replace": "Swimming Lesson Socialise]]>><</link>><<gcool>><<ltrauma>><<lstress>><<gharass>>\n<</if>>"
        },
        {
          "passage": "Swimming Lesson Socialise",
          /*游泳课选择聊天的文本修改*/
          "findString": "<<elseif $exposed lte 0>>",
          "replace": "<<elseif $exposed lte 0>>\n\t<<if $WhitneyIsInSwimming is 1>>\n\t你没有专心听课，而是与惠特尼聊天。\n\t<<else>>"
        },
        {
          "passage": "Swimming Lesson Socialise",
        /*和上面那个是一起的，不能单独删*/
          "findString": "<br><br>\n<</if>>",
          "replace": "<</if>>\n\t<br><br>\n<</if>>"
        },
        {
          "passage": "Widgets Events Swimming",
          /*游泳课事件添加*/
          "findString": "<<addinlineevent \"swimFight\" 1>>",
          "replaceFile": "game/swimWhitneyEvent.txt"
        },
        {
          "passage": "School Infirmary",
          /*高创伤游泳课事件后续-医务室*/
          "findString": "<<if Time.schoolDay and ![\"early\",\"late\"].includes($schoolstate)>>",
          "replace": "<<if Time.hour lte 17 and $daily.WhitneySwimmingTrauma is 1>>\n\t<<SchoolWhitney_InfirmaryEvents_1>>\n<<elseif Time.schoolDay and ![\"early\",\"late\"].includes($schoolstate)>>"
        },
        {
          "passage": "School Leave Whitney",
          /*点离开校园才能触发的剧情*/
          "findString": "<<if !$daily.whitney.shoppingCentre and !($weekly.whitneyShoppingCentre gte 2)>>",
          "replaceFile": "game/WhitneySchoolLeaveEvent.txt"
        },
        {
          "passage": "Whitney Chat",
          /*公园聊天剧情新增*/
          "findString": "\t<</if>>\n\t<br><br>\n\t<<whitneyoptions>>",
          "replace": "\t\t<</if>>\t<</if>>\n\t<br><br>\n\t<<if $phase is 1>>\n\t<<else>>\n\t<<whitneyoptions>>\n\t<</if>>"
        },
        {
          "passage": "Whitney Chat",
      /*和上面那个是一起的，不能单独删！*/
          "findString": "<<else>>\n\t\t<<He>>",
          "replace": "<<else>>\n\t\t<<if $Whitney_TeachMasturbation isnot 1 and $awareness < 200 and $promiscuity < 15 and !$daily.Whitney_TeachMasturbation>>\n\t\t<<set $phase to 1>>\n\t\t<<WhitneyTeachMasturbation>>\n\t\t<<else>>\n\t\t<<He>>"
        },
      ]
    },
    {
      "modName": "ModdedFeatsAddon",
      "addonName": "ModdedFeatsAddon",
      "modVersion": "^1.0.0",
      "params": {
        "feats": []
      }
    },
  ],
  "dependenceInfo": [
    {
      "modName": "ModLoader DoL ImageLoaderHook",
      "version": "^2.3.0"
    },
  ]
  }